model_name,batch_size,seq_len,embed_dim,num_heads,device,avg_time_ms,std_time_ms,peak_memory_mb,throughput_tokens_per_sec
pytorch,4,512,256,4,cpu,15.569345699987025,2.2746857677209307,0,131540.53095511306
flash,4,512,256,4,cpu,6.366771199827781,0.3675457045470536,0,321670.11122614203
